{
  "posts": [
    {
      "thread": 1,
      "text": "Has anyone checked on the cloud training recently?",
      "user": 4
    },
    {
      "thread": 1,
      "text": "I'll stop by at training centre and see the details tomorrow!",
      "user": 2
    },
    {
      "thread": 2,
      "text": "Come party with the team tomorrow!",
      "user": 3
    },
    {
      "thread": 2,
      "text": "Meet at 6:30 pm",
      "user": 2
    },
    {
      "thread": 2,
      "text": "I'll bring my laptop",
      "user": 1
    },
    {
      "thread": 3,
      "text": "I need a new laptop to play the new games",
      "user": 1
    }
  ]
}
